Workbook

Sheet Chart

Sheet Data
A1: Input Size | B1: Selection Sort | E1: Bubble | H1: Merge | K1: Quick | N1: Heap | Q1: Insertion
B2: Random | C2: Asc | D2: Desc | E2: Random | F2: Asc | G2: Desc | H2: Random | I2: Asc | J2: Desc | K2: Random | L2: Asc | M2: Desc | N2: Random | O2: Asc | P2: Desc | Q2: Random | R2: Asc | S2: Desc
A3: 0 | B3: 0 | C3: 0 | D3: 0 | E3: 0 | F3: 0 | G3: 0 | H3: 0 | I3: 0 | J3: 0 | K3: 0 | L3: 0 | M3: 0 | N3: 0 | O3: 0 | P3: 0 | Q3: 0 | R3: 0 | S3: 0
A4: 8000 | B4: 34 | C4: 43.88 | D4: 46.19 | E4: 78.07 | F4: 0.01 | G4: 102.77 | H4: 1.12 | I4: 0.47 | J4: 0.48 | K4: 0.93 | L4: 130.02 | M4: 82.65 | N4: 1.58 | O4: 1.2 | P4: 1.18 | Q4: 33.5 | R4: 0.02 | S4: 67.26
A5: 12000 | B5: 100.92 | C5: 98.41 | D5: 103.79 | E5: 175.15 | F5: 0.02 | G5: 230.49 | H5: 1.74 | I5: 0.73 | J5: 0.74 | K5: 1.45 | L5: 294.29 | M5: 183.41 | N5: 2.45 | O5: 1.84 | P5: 1.81 | Q5: 75.58 | R5: 0.04 | S5: 151.85
A6: 16000 | B6: 177.05 | C6: 174.96 | D6: 184.51 | E6: 315.61 | F6: 0.03 | G6: 409.65 | H6: 2.37 | I6: 1 | J6: 1.04 | K6: 1.89 | L6: 523.46 | M6: 329.96 | N6: 3.36 | O6: 2.46 | P6: 2.5 | Q6: 135.38 | R6: 0.04 | S6: 270.91
A7: 20000 | B7: 278.13 | C7: 273.89 | D7: 288.23 | E7: 486.99 | F7: 0.03 | G7: 639.24 | H7: 3.03 | I7: 1.29 | J7: 1.28 | K7: 2.52 | L7: 764.19 | M7: 515.21 | N7: 4.28 | O7: 3.17 | P7: 3.16 | Q7: 212.18 | R7: 0.06 | S7: 431.26
A8: 24000 | B8: 398.65 | C8: 393.61 | D8: 415.24 | E8: 710.96 | F8: 0.04 | G8: 920.02 | H8: 3.69 | I8: 1.54 | J8: 1.57 | K8: 3.02 | N8: 5.24 | O8: 3.82 | P8: 3.85 | Q8: 302.1 | R8: 0.07 | S8: 610.2
A9: 28000 | B9: 542.49 | C9: 535.56 | D9: 564.63 | E9: 973.61 | F9: 0.04 | G9: 1254.51 | H9: 4.33 | I9: 1.82 | J9: 1.86 | K9: 3.56 | N9: 6.22 | O9: 4.51 | P9: 4.53 | Q9: 416.78 | R9: 0.08 | S9: 832.14
A10: 32000 | B10: 710.18 | C10: 699.86 | D10: 739.7 | E10: 1259.94 | F10: 0.05 | G10: 1638.66 | H10: 5.04 | I10: 2.1 | J10: 2.15 | K10: 4.09 | N10: 7.2 | O10: 5.17 | P10: 5.18 | Q10: 547.53 | R10: 0.09 | S10: 1098.55
A11: 36000 | B11: 898.35 | C11: 886.09 | D11: 936.45 | E11: 1590.54 | F11: 0.06 | G11: 2075.97 | H11: 5.72 | I11: 2.41 | J11: 2.42 | K11: 4.78 | N11: 8.2 | O11: 5.83 | P11: 5.94 | Q11: 688.83 | R11: 0.1 | S11: 1377.4

Sheet ChartData_Hidden
A1: =Data!A1 -> Input Size | B1: Selection Sort | C1: Bubble Sort | D1: Merge Sort | E1: Quick Sort | F1: Heap Sort | G1: Insertion Sort
A2: =Data!A3 -> 0 | B2: =Data!B3 -> 0 | C2: =Data!E3 -> 0 | D2: =Data!H3 -> 0 | E2: =Data!K3 -> 0 | F2: =Data!N3 -> 0 | G2: =Data!Q3 -> 0
A3: =Data!A4 -> 8000 | B3: =Data!B4 -> 34 | C3: =Data!E4 -> 78.07 | D3: =Data!H4 -> 1.12 | E3: =Data!K4 -> 0.93 | F3: =Data!N4 -> 1.58 | G3: =Data!Q4 -> 33.5
A4: =Data!A5 -> 12000 | B4: =Data!B5 -> 100.92 | C4: =Data!E5 -> 175.15 | D4: =Data!H5 -> 1.74 | E4: =Data!K5 -> 1.45 | F4: =Data!N5 -> 2.45 | G4: =Data!Q5 -> 75.58
A5: =Data!A6 -> 16000 | B5: =Data!B6 -> 177.05 | C5: =Data!E6 -> 315.61 | D5: =Data!H6 -> 2.37 | E5: =Data!K6 -> 1.89 | F5: =Data!N6 -> 3.36 | G5: =Data!Q6 -> 135.38
A6: =Data!A7 -> 20000 | B6: =Data!B7 -> 278.13 | C6: =Data!E7 -> 486.99 | D6: =Data!H7 -> 3.03 | E6: =Data!K7 -> 2.52 | F6: =Data!N7 -> 4.28 | G6: =Data!Q7 -> 212.18
A7: =Data!A8 -> 24000 | B7: =Data!B8 -> 398.65 | C7: =Data!E8 -> 710.96 | D7: =Data!H8 -> 3.69 | E7: =Data!K8 -> 3.02 | F7: =Data!N8 -> 5.24 | G7: =Data!Q8 -> 302.1
A8: =Data!A9 -> 28000 | B8: =Data!B9 -> 542.49 | C8: =Data!E9 -> 973.61 | D8: =Data!H9 -> 4.33 | E8: =Data!K9 -> 3.56 | F8: =Data!N9 -> 6.22 | G8: =Data!Q9 -> 416.78
A9: =Data!A10 -> 32000 | B9: =Data!B10 -> 710.18 | C9: =Data!E10 -> 1259.94 | D9: =Data!H10 -> 5.04 | E9: =Data!K10 -> 4.09 | F9: =Data!N10 -> 7.2 | G9: =Data!Q10 -> 547.53
A10: =Data!A11 -> 36000 | B10: =Data!B11 -> 898.35 | C10: =Data!E11 -> 1590.54 | D10: =Data!H11 -> 5.72 | E10: =Data!K11 -> 4.78 | F10: =Data!N11 -> 8.2 | G10: =Data!Q11 -> 688.83
